{
  "name": "Flatzone",
  "order": -1,
  "blastLeft": -246.00,
  "blastTop": 188.00,
  "blastBottom": -140.00,
  "blastRight": 246.00,
  "anchors": [
    {
      "x": 0,
      "y": -20,
      "weight": 0.1
    },
    {
      "x": -10,
      "y": 1,
      "weight": 0.1
    },
    {
      "x": 10,
      "y": 1,
      "weight": 0.1
    },
    {
      "x": 0,
      "y": 60,
      "weight": 0.3
    }
  ],
  "entrances": [
    {
      "x": -60.00,
      "y": 10.00,
      "face": true
    },
    {
      "x": 60.00,
      "y": 10.00,
      "face": false
    },
    {
      "x": -20.00,
      "y": 10.00,
      "face": true
    },
    {
      "x": 20.00,
      "y": 10.00,
      "face": false
    }
  ],
  "scaleX": 3.75,
  "scaleY": -3.75,
  "spawns": [
    {
      "x": 16.00,
      "y": 45.00,
      "face": true
    },
    {
      "x": -50.00,
      "y": 45.00,
      "face": false
    },
    {
      "x": 50.00,
      "y": 45.00,
      "face": true
    },
    {
      "x": -15.00,
      "y": 45.00,
      "face": false
    }
  ],
  "symmetric": true,
  "pivot": 0,
  "elements": [
    [-47.4702, -55.3870, { "flags": "bottom" }],
    [-47.4702, -55.3870, -53.7742, -54.2572, { "flags": "bottom" }],
    [-53.7742, -54.2572, -61.4170, -47.3683, { "flags": "left" }],
    [-61.4170, -47.3683, -65.8426, -31.3573, { "flags": "left" }],
    [-65.8426, -31.3573, -65.7957, -20.4538, { "flags": "left" }],
    [-65.7957, -20.4538, -85.5606, -10.5094, { "flags": "left" }],
    [-85.5606, -10.5094, -85.5606, 0.0000, { "flags": "left" }],
    [-85.5606, 0.0000, { "flags": "top solid leftGrabbable rightGrabbable" }]
  ]
}