{
  "name": "Fountain",
  "order": 4,
  "kind": "counterpick",
  /*
    Platforms
    (-) Left (Start): (-49.50, 16.125)
    (-) Left (Start): (-21.00, 16.125)
    (3) Left (Highest): (-49.50, 27.375)
    (4) Left (Highest): (-21.00, 27.375)
    (5) Left (Lowest): (-49.50, 12.375)
    (6) Left (Lowest): (-21.00, 12.375)
    (-) Right (Start): (21.00, 22.125)
    (-) Right (Start): (49.50, 22.125)
    (7) Right (Highest): (21.00, 27.375)
    (8) Right (Highest): (49.50, 27.375)
    (9) Right (Lowest): (21.00, 12.375)
    (10) Right (Lowest): (49.50, 12.375)

    Side platforms stop within multiples of 0.250 between 12.375-27.375?
  */
  "blastLeft": -198.75,
  "blastTop": 202.50,
  "blastBottom": -146.25,
  "blastRight": 198.75,
  "anchors": [
    {
      "x": 0,
      "y": -20,
      "weight": 0.1
    },
    {
      "x": -10,
      "y": 1,
      "weight": 0.1
    },
    {
      "x": 10,
      "y": 1,
      "weight": 0.1
    },
    {
      "x": 0,
      "y": 60,
      "weight": 0.3
    }
  ],
  "entrances": [
    {
      "x": -41.25,
      "y": 21.00,
      "face": true
    },
    {
      "x": 41.25,
      "y": 27.00,
      "face": false
    },
    {
      "x": 0.00,
      "y": 5.25,
      "face": true
    },
    {
      "x": 0.00,
      "y": 48.00,
      "face": false
    }
  ],
  "scaleX": 3.75,
  "scaleY": -3.75,
  "spawns": [
    {
      "x": 0.00,
      "y": 63.75,
      "face": true
    }
  ],
  "symmetric": true,
  "pivot": 0,
  "elements": [
    [-8, -63, { "flags": "bottom" }],
    [-8, -63, -14, -36, { "flags": "left" }],
    [-14, -36, -43, -33, { "flags": "bottom" }],
    [-43, -33, -63.2570, -7.5, { "flags": "left" }],
    [-63.2570, -7.5, -63.3500, 0, { "flags": "left" }],
    [-63.3500, 0, { "flags": "top solid leftGrabbable rightGrabbable" }],

    [-14.25, 42.75, { "flags": "top" }],
    [-49.50, 16.125, -21.00, 16.125, { "flags": "top asymmetric" }],
    [21.00, 22.125, 49.50, 22.125, { "flags": "top asymmetric" }]
  ],
  "prefab": {
    "models": [
      {
        "name": "IFountain",
        "size": [2000, 3000, 2000],
        "position": [0, 900, 0],
        "rotation": { "pitch": 0, "yaw": -0.2, "roll": 0 },
        "material": {
          "file": "fountain_shell.mtl",
          "name": "Material"
        }
      },
      {
        "name": "Fountain",
        "size": [63.3500, 63.3500, 63.3500],
        "scale": [3.75, 3.75, 3.75],
        "position": [0, 0, 0],
        "material": {
          "file": "fountain_stage.mtl",
          "name": "Material"
        }
      },
      {
        "name": "Cube",
        "size": [53.4375, 3, 10],
        "position": [-132.1875, 58.46875, 0],
        "material": {
          "file": "fountain_plat.mtl",
          "name": "Material"
        }
      },
      {
        "name": "Cube",
        "size": [53.4375, 3, 10],
        "position": [132.1875, 80.96875, 0],
        "material": {
          "file": "fountain_plat.mtl",
          "name": "Material"
        }
      },
      {
        "name": "Cube",
        "size": [53.4375, 3, 10],
        "position": [0, 158.3125, 0],
        "material": {
          "file": "fountain_plat.mtl",
          "name": "Material"
        }
      }
    ]
  }
}