{
	"name": "Longboat",
	"order": 1,
	"kind": "counterpick",
	"blastLeft": -246.00,
	"blastTop": 188.00,
	"blastBottom": -140.00,
	"blastRight": 246.00,
	"anchors": [
		{
			"x": 0,
			"y": -20,
			"weight": 0.1
		},
		{
			"x": -100,
			"y": 1,
			"weight": 0.15
		},
		{
			"x": 100,
			"y": 1,
			"weight": 0.15
		},
		{
			"x": 0,
			"y": 100,
			"weight": 0.2
		}
	],
	"entrances": [
		{
			"x": -60.00,
			"y": 10.00,
			"face": true
		},
		{
			"x": 60.00,
			"y": 10.00,
			"face": false
		},
		{
			"x": -20.00,
			"y": 10.00,
			"face": true
		},
		{
			"x": 20.00,
			"y": 10.00,
			"face": false
		}
	],
	"scaleX": 3.75,
	"scaleY": -3.75,
	"spawns": [
		{
			"x": 16.00,
			"y": 45.00,
			"face": true
		},
		{
			"x": -50.00,
			"y": 45.00,
			"face": false
		},
		{
			"x": 50.00,
			"y": 45.00,
			"face": true
		},
		{
			"x": -15.00,
			"y": 45.00,
			"face": false
		}
	],
	"symmetric": true,
	"pivot": 0,
	"elements": [
		[-85.5606, 0.0000, { "flags": "top solid leftGrabbable rightGrabbable skip" }],
		[-85.5606, 0, -83, -16, {"flags": "left solid"}],
		[-83, -16, -49.333333333333336, -62.666666666666664, {"flags": "left solid"}],
		[-49.333333333333336, -62.666666666666664, {"flags": "bottom solid"}]
	],
  "initHandler": "longboat",
	"prefab": {
		"models": [
			{
				"name": "Longboat",
				"size": [320.85224999999997, 320.85224999999997, 320.85224999999997],
				"position": [0, 0, 0],
				"rotation": { "pitch": 0, "yaw": 0.5, "roll": 0 }
      },

      {
        "name": "I_Icosphere",
        "size": [1500, 1500, 1500],
        "position": [0, 200, 0],
        "rotation": { "pitch": 0, "yaw": 0.5, "roll": -0.15 },
        "material": {
          "file": "longboat_shell.mtl",
          "name": "Material"
        }
      }
		]
	}
}