{
  "name": "Carbon",
  "symbol": "C",
  "hurtbubbles": [
    {
      "name": "rfoot",
      "i1": 1,
      "i2": 0,
      "z": 4,
      "ik": 0,
      "flip": true,
      "ungrabbable": true,
      "prefab": {
        "models": [
          {
            "name": "CarbonFootGem",
            "alias": "side1"
          },
          {
            "name": "CarbonFootMid",
            "alias": "center"
          },
          {
            "name": "CarbonFootGem2",
            "alias": "side2"
          }
        ]
      }
    },
    {
      "name": "rleg",
      "i1": 0,
      "i2": 2,
      "z": 4,
      "flip": true,
      "prefab": {
        "models": [
          {
            "name": "CarbonLegGem",
            "alias": "side1"
          },
          {
            "name": "CarbonLegMid",
            "alias": "center"
          }
        ]
      }
    },
    {
      "name": "body",
      "i1": 2,
      "i2": 2,
      "z": 0,
      "flip": true,
      "rotateModel": false,
      "prefab": {
        "models": [
          {
            "name": "CarbonBody",
            "alias": "side1",
            "rotation": {
              "pitch": 180
            }
          }
        ]
      }
    },
    {
      "name": "head",
      "i1": 3,
      "i2": 3,
      "z": 0,
      "flip": true,
      "rotateModel": false,
      "prefab": {
        "models": [
          {
            "name": "CarbonHead",
            "alias": "side1",
            "rotation": {
              "pitch": 180
            }
          }
        ]
      }
    },
    {
      "name": "lleg",
      "i1": 4,
      "i2": 2,
      "z": -4,
      "flip": true,
      "prefab": {
        "models": [
          {
            "name": "CarbonLegGem",
            "alias": "side1"
          },
          {
            "name": "CarbonLegMid",
            "alias": "center"
          }
        ]
      }
    },
    {
      "name": "lfoot",
      "i1": 5,
      "i2": 4,
      "z": -4,
      "ik": 0,
      "flip": true,
      "ungrabbable": true,
      "prefab": {
        "models": [
          {
            "name": "CarbonFootGem",
            "alias": "side1"
          },
          {
            "name": "CarbonFootMid",
            "alias": "center"
          },
          {
            "name": "CarbonFootGem2",
            "alias": "side2"
          }
        ]
      }
    }
  ],
  "styles": [
    {
      "rules": [
        "",
        "lighter()",
        "darker(); h = h +- 0.11",
        ""
      ],
      "bubbles": {
        "rfoot": 2,
        "rleg": 1,
        "body": 0,
        "head": [3, 1, 0, 1],
        "lleg": 1,
        "lfoot": 2
      }
    },
    {
      "init": "diff = +-(0.1~0.18)",
      "rules": [
        "",
        "darker(); h -= diff",
        "l = 0.18~0.23; h += diff",
        "lighter()"
      ],
      "bubbles": {
        "rfoot": 1,
        "rleg": 2,
        "body": 0,
        "head": [0, 1, 2, 3],
        "lleg": 2,
        "lfoot": 1
      }
    },
    {
      "init": "diff = +-0.15",
      "rules": [
        "",
        "lighter()",
        "darker(); h += diff",
        "lighter(); h += diff"
      ],
      "bubbles": {
        "rfoot": 2,
        "rleg": 0,
        "body": 3,
        "head": [1, 0, 3, 1],
        "lleg": 0,
        "lfoot": 2
      }
    },
    {
      "rules": [
        "",
        "l += 0.15; s += 0.1",
        "h += 0.5; s /= 2",
        "darker(); h += 0.5"
      ],
      "bubbles": {
        "rfoot": 3,
        "rleg": 2,
        "body": 0,
        "head": [1, 0, 2, 1],
        "lleg": 2,
        "lfoot": 3
      }
    }
  ],
  "data": {
    "bashCount": 0
  },
  "headbubble": 3,
  "corebubble": 2,
  "walkSpeed": 3,
  "walkAcceleration": 1,
  "arcSpeed": 0.85,
  "fallSpeed": 0.85,
  "maxFallSpeed": 7.25,
  "fastfallSpeed": 10.33,
  "initialFallSpeed": 0.9,
  "aerodynamics": 1,
  "airResistance": 0.09,
  "riseFriction": 0.99,
  "fallFriction": 0.99,
  "weight": 0.98,
  "launchResistance": 7.5,
  "flinchThreshold": 3,
  "softland": 1,
  "airAcceleration": 0.3,
  "airSpeed": 3.5,
  "sdi": 5,
  "asdi": 2,
  "stunBreak": 0.5,
  "height": 48,
  "width": 13,
  "grabDirections": 4,
  "reverseGrabRange": 35,
  "forwardGrabRange": 45,
  "grabStart": 20,
  "grabHeight": 32,
  "friction": 0.8,
  "kbFriction": 1,
  "kbStandFriction": 0.95,
  "kbDecayFriction": 0.098,
  "kbDecayScale": 0.14,
  "slideDecay": 0.80,
  "shieldMultiplier": 0.6,
  "shieldMinSize": 8,
  "shieldGrowth": 19,
  "lightShieldGrowth": 13,
  "shieldMobility": 12,
  "powershieldSize": 25,
  "shieldRegen": 1,
  "shieldDecay": 1,
  "shieldX": 10,
  "shieldY": 30,
  "shieldX2": 10,
  "shieldY2": 20,
  "landingAudio": "landing",
  "heavyLandingAudio": "heavy_landing",
  "lagCancelAudio": "landing",
  "skeletonScale": 1,
  "bubbleScale": 1
}