{
  "name": "Silicon",
  "symbol": "Si",
  "hurtbubbles": [
    {
      "name": "rhand",
      "i1": 1,
      "i2": 2,
      "z": 4,
      "flip": true,
      "prefab": {
        "models": [
          {
            "name": "SiliconArmMid",
            "alias": "center"
          },
          {
            "name": "SiliconArmGem",
            "alias": "side2"
          }
        ]
      }
    },
    {
      "name": "rfoot",
      "i1": 0,
      "i2": 2,
      "z": 1.5,
      "ik": 0,
      "flip": true,
      "ungrabbable": true,
      "prefab": {
        "models": [
          {
            "name": "SiliconLegMid",
            "alias": "center"
          },
          {
            "name": "SiliconLegGem2",
            "alias": "side2"
          }
        ]
      }
    },
    {
      "name": "head",
      "i1": 3,
      "i2": 3,
      "z": 0,
      "flip": true,
      "rotateModel": false,
      "prefab": {
        "models": [
          {
            "name": "SiliconHead",
            "alias": "side1",
            "rotation": {
              "pitch": 180
            }
          }
          // {
          //   "name": "SiliconHeadAccent",
          //   "alias": "side1",
          //   "rotation": {
          //     "pitch": 180
          //   }
          // }
        ]
      }
    },
    {
      "name": "body",
      "i1": 2,
      "i2": 2,
      "z": 0,
      "flip": true,
      "rotateModel": false,
      "prefab": {
        "models": [
          {
            "name": "SiliconBody",
            "alias": "side1",
            "rotation": {
              "pitch": 180
            }
          }
        ]
      }
    },
    {
      "name": "lfoot",
      "i1": 4,
      "i2": 2,
      "z": -1.5,
      "ik": 0,
      "flip": true,
      "ungrabbable": true,
      "prefab": {
        "models": [
          {
            "name": "SiliconLegMid",
            "alias": "center"
          },
          {
            "name": "SiliconLegGem2",
            "alias": "side2"
          }
        ]
      }
    },
    {
      "name": "lhand",
      "i1": 5,
      "i2": 2,
      "z": -4,
      "flip": true,
      "prefab": {
        "models": [
          {
            "name": "SiliconArmMid",
            "alias": "center"
          },
          {
            "name": "SiliconArmGem",
            "alias": "side2"
          }
        ]
      }
    }
  ],
  "model": {
    "prefabs": [
      {
        "name": "SiliconHead",
        "attach": [
          {
            "bone": "head",
            "attach": 1
          }

        ],
        "rotation": {
          "pitch": 180
        }
      }
    ]
  },
  "styles": [
    {
      "rules": [
        "",
        "s += 0.05~0.2; l += 0.1~0.2",
        "h = h + 0.03; s -= 0.1~0.4; l = 0.1~0.25",
        "l = l * 0.4 + 0.2",
        "h = h - 0.03; l -= 0.1; s *= 0.25",
        "l = l + 0.1",
        "h = h + 0.333; l = l - 0.1; s *= 0.666"
      ],
      "bubbles": {
        "rhand": 4,
        "rfoot": 2,
        "head": [5, 6, 0, 2],
        "body": 3,
        "lfoot": 2,
        "lhand": 4
      }
    },
    {
      "rules": [
        "",
        "darker(); h += 0.5",
        "h += 0.5",
        "lighter()"
      ],
      "bubbles": {
        "rhand": 2,
        "rfoot": 1,
        "head": [3, 1, 0, 1],
        "body": 0,
        "lfoot": 1,
        "lhand": 2
      }
    },
    {
      "init": "diff = +-0.3333; medium = 0.3~0.4; darker = 0.05~0.1",
      "rules": [
        "",
        "h += diff; s *= 0.5; l = medium",
        "h -= diff; s *= 0.5; l = medium",
        "h += diff; s *= 0.5; l = darker",
        "h -= diff; s *= 0.5; l = darker",
        "lighter()"
      ],
      "bubbles": {
        "rhand": 1,
        "rfoot": 3,
        "head": [5, 0, 2, 3],
        "body": 0,
        "lfoot": 4,
        "lhand": 2
      }
    },
    {
      "init": "diff = +- 0.1",
      "rules": [
        "",
        "darker(); h += diff",
        "l = 0.6~0.7; h += diff",
        "lighter()"
      ],
      "bubbles": {
        "rhand": 2,
        "rfoot": 1,
        "head": [3, 2, 0, 1],
        "body": 0,
        "lfoot": 1,
        "lhand": 2
      }
    }
  ],
  "headbubble": 2,
  "corebubble": 3,
  "walkSpeed": 3.2,
  "walkAcceleration": 2,
  "arcSpeed": 0.55,
  "fallSpeed": 0.55,
  "maxFallSpeed": 7.5,
  "fastfallSpeed": 10,
  "initialFallSpeed": 0.8,
  "aerodynamics": 0.995,
  "airResistance": 0.066,
  "riseFriction": 0.99,
  "fallFriction": 0.99,
  "weight": 1.025,
  "launchResistance": 7.5,
  "flinchThreshold": 3,
  "softland": 1,
  "airAcceleration": 0.25,
  "airSpeed": 4.5,
  "sdi": 5,
  "asdi": 2,
  "stunBreak": 0.5,
  "height": 40,
  "width": 10,
  "grabDirections": 4,
  "reverseGrabRange": 35,
  "forwardGrabRange": 40,
  "grabStart": 20,
  "grabHeight": 30,
  "friction": 0.8,
  "kbFriction": 1,
  "kbStandFriction": 0.97,
  "kbDecayFriction": 0.1,
  "kbDecayScale": 0.09,
  "slideDecay": 1.0,
  "shieldMultiplier": 0.6,
  "shieldMinSize": 8,
  "shieldGrowth": 16,
  "lightShieldGrowth": 12,
  "shieldMobility": 12,
  "powershieldSize": 25,
  "shieldRegen": 1,
  "shieldDecay": 1,
  "shieldX": 8,
  "shieldY": 35,
  "shieldX2": 8,
  "shieldY2": 25,
  "landingAudio": "landing",
  "heavyLandingAudio": "heavy_landing",
  "lagCancelAudio": "landing",
  "skeletonScale": 1,
  "bubbleScale": 1
}