{
  "name": "Helium",
  "symbol": "He",
  "hurtbubbles": [
    {
      "name": "bbody",
      "i1": 1,
      "i2": 4,
      "z": 0,
      "flip": true,
      "ungrabbable": true,
      "prefab": {
        "models": [
          {
            "name": "HeliumHeadGem",
            "alias": "side1",
            "rotation": {
              "pitch": 180
            },
            "scale": [0.75, 1, 0.5]
          },
          {
            "name": "HeliumBodyCenter",
            "alias": "center",
            "scale": [0.75, 1, 0.5]
          },
          {
            "name": "Side",
            "alias": "side2",
            "rotation": {
              "pitch": 0
            },
            "scale": [0.75, 1, 0.5]
          }
        ]
      }
    },
    {
      "name": "head",
      "i1": 1,
      "i2": 3,
      "z": 0,
      "flip": true,
      "prefab": {
        "models": [
          {
            "name": "HeliumHeadGem",
            "alias": "side1",
            "rotation": {
              "pitch": 180
            }
          },
          {
            "name": "HeliumBodyCenter",
            "alias": "center"
          },
          {
            "name": "HeliumHeadGem",
            "alias": "side2",
            "rotation": {
              "pitch": 180
            }
          }
        ]
      }
    },
    {
      "name": "foot",
      "i1": 0,
      "i2": 3,
      "z": 0,
      "ik": 0,
      "flip": true,
      "ungrabbable": true,
      "prefab": {
        "models": [
          {
            "name": "HeliumBodyCenter",
            "alias": "center"
          },
          {
            "name": "Side",
            "alias": "side2"
          }
        ]
      }
    },
    {
      "name": "fbody",
      "i1": 4,
      "i2": 2,
      "z": 0,
      "flip": true,
      "prefab": {
        "models": [
          {
            "name": "HeliumHeadGem",
            "alias": "side1",
            "rotation": {
              "pitch": 180
            }
          },
          {
            "name": "HeliumBackMid",
            "alias": "center"
          },
          {
            "name": "HeliumHeadGem2",
            "alias": "side2",
            "rotation": {
              "pitch": 180
            }
          }
        ]
      }
    },
    {
      "name": "joint",
      "i1": 1,
      "i2": 1,
      "z": 0,
      "flip": true,
      "rotateModel": false,
      "prefab": {
        "models": [
          {
            "name": "HeliumJoint",
            "alias": "side1",
            "rotation": {
              "pitch": 180
            }
          }
        ]
      }
    }
  ],
  "styles": [
    {
      "rules": [
        "",
        "lighter()",
        "darker(); h += 0.5"
      ],
      "bubbles": {
        "bbody": 1,
        "head": 1,
        "foot": 2,
        "fbody": 0,
        "joint": 0
      }
    },
    {
      "rules": [
        "",
        "darker(); h += 0.5",
        "l = 0.2",
        "h += 0.5",
        "l += 0.1; h += 0.05"
      ],
      "bubbles": {
        "bbody": 3,
        "head": 4,
        "foot": 2,
        "fbody": 1,
        "joint": 0
      }
    }
  ],
  "headbubble": 4,
  "corebubble": 3,
  "walkSpeed": 2.5,
  "walkAcceleration": 1.5,
  "arcSpeed": 0.34,
  "fallSpeed": 0.34,
  "maxFallSpeed": 6,
  "fastfallSpeed": 6.9,
  "initialFallSpeed": 0.01,
  "aerodynamics": 0.99,
  "airResistance": 0.08,
  "riseFriction": 0.99,
  "fallFriction": 0.99,
  "weight": 1.17,
  "launchResistance": 7.5,
  "flinchThreshold": 3,
  "softland": 1,
  "airAcceleration": 0.6,
  "airSpeed": 6.1,
  "sdi": 5,
  "asdi": 2,
  "stunBreak": 0.5,
  "height": 30,
  "width": 8,
  "grabDirections": 4,
  "reverseGrabRange": 30,
  "forwardGrabRange": 50,
  "grabStart": 15,
  "grabHeight": 35,
  "friction": 0.8,
  "kbFriction": 1,
  "kbStandFriction": 0.95,
  "kbDecayFriction": 0.35,
  "kbDecayScale": 0.09,
  "slideDecay": 1.2,
  "shieldMultiplier": 0.6,
  "shieldMinSize": 10,
  "shieldGrowth": 15,
  "lightShieldGrowth": 8,
  "shieldMobility": 9,
  "powershieldSize": 20,
  "shieldRegen": 1,
  "shieldDecay": 1,
  "shieldX": 10,
  "shieldY": 19,
  "shieldX2": 10,
  "shieldY2": 19,
  "landingAudio": "landing",
  "heavyLandingAudio": "heavy_landing",
  "lagCancelAudio": "landing",
  "skeletonScale": 1.5,
  "bubbleScale": 1
}