{
  "name": "Rhodium",
  "symbol": "Rh",
  "hurtbubbles": [
    {
      "name": "rhand",
      "i1": 1,
      "i2": 3,
      "z": 4,
      "flip": true,
      "prefab": {
        "models": [
          {
            "name": "RhodiumArmGem",
            "alias": "side1"
          },
          {
            "name": "RhodiumArmMid",
            "alias": "center"
          },
          {
            "name": "RhodiumArmGem2",
            "alias": "side2"
          }
        ]
      }
    },
    {
      "name": "rfoot",
      "i1": 0,
      "i2": 2,
      "z": 1.5,
      "ik": 0,
      "flip": true,
      "ungrabbable": true,
      "prefab": {
        "models": [
          {
            "name": "RhodiumLegMid",
            "alias": "center"
          },
          {
            "name": "RhodiumLegGem2",
            "alias": "side2"
          }
        ]
      }
    },
    {
      "name": "head",
      "i1": 4,
      "i2": 4,
      "z": 0,
      "flip": true,
      "rotateModel": false,
      "ungrabbable": true,
      "prefab": {
        "models": [
          {
            "name": "RhodiumHead",
            "alias": "side1",
            "rotation": {
              "pitch": 180
            }
          }
        ]
      }
    },
    {
      "name": "body",
      "i1": 2,
      "i2": 3,
      "z": 0,
      "flip": true,
      "prefab": {
        "models": [
          {
            "name": "RhodiumBodyGem",
            "alias": "side1"
          },
          {
            "name": "RhodiumBodyMid",
            "alias": "center"
          },
          {
            "name": "RhodiumBodyGem2",
            "alias": "side2"
          }
        ]
      }
    },
    {
      "name": "lfoot",
      "i1": 5,
      "i2": 2,
      "z": -1.5,
      "ik": 0,
      "flip": true,
      "ungrabbable": true,
      "prefab": {
        "models": [
          {
            "name": "RhodiumLegMid",
            "alias": "center"
          },
          {
            "name": "RhodiumLegGem2",
            "alias": "side2"
          }
        ]
      }
    },
    {
      "name": "lhand",
      "i1": 6,
      "i2": 3,
      "z": -4,
      "flip": true,
      "prefab": {
        "models": [
          {
            "name": "RhodiumArmGem",
            "alias": "side1"
          },
          {
            "name": "RhodiumArmMid",
            "alias": "center"
          },
          {
            "name": "RhodiumArmGem2",
            "alias": "side2"
          }
        ]
      }
    }
  ],
  "styles": [
    {
      "rules": [
        "",
        "s += 0.05~0.2; l += 0.1~0.2",
        "h = h +- 0.08; s -= 0~0.1; l = 0.1~0.25",
        "l = l * 0.4 + 0.1",
        "h = h + 0.16",
        "h = h - 0.16"
      ],
      "bubbles": {
        "rhand": 4,
        "rfoot": 2,
        "head": [1, 0, 2, 5],
        "body": 3,
        "lfoot": 2,
        "lhand": 4
      }
    },
    {
      "rules": [
        "",
        "darker(); h += 0.5",
        "h += 0.5",
        "h += 0.5; lighter()",
        "s *= 0.5; l += 0.1"
      ],
      "bubbles": {
        "rhand": 2,
        "rfoot": 1,
        "head": [4, 0, 3, 2],
        "body": 0,
        "lfoot": 1,
        "lhand": 2
      }
    },
    {
      "init": "diff = +-0.3333; medium = 0.4~0.5; darker = 0.1~0.15",
      "rules": [
        "",
        "h += diff; s *= 0.5; l = medium",
        "h -= diff; s *= 0.5; l = medium",
        "h += diff; s *= 0.5",
        "h -= diff; s *= 0.5; l = darker",
        "lighter()"
      ],
      "bubbles": {
        "rhand": 1,
        "rfoot": 4,
        "head": [2, 0, 5, 3],
        "body": 0,
        "lfoot": 4,
        "lhand": 1
      }
    },
    {
      "init": "diff = +- 0.1",
      "rules": [
        "",
        "darker(); h += diff",
        "l = 0.6~0.75; h += diff",
        "lighter()"
      ],
      "bubbles": {
        "rhand": 2,
        "rfoot": 1,
        "head": [3, 2, 1, 0],
        "body": 0,
        "lfoot": 1,
        "lhand": 2
      }
    }
  ],
  "headbubble": 2,
  "corebubble": 3,
  "walkSpeed": 3.5,
  "walkAcceleration": 2.1,
  "arcSpeed": 0.50,
  "fallSpeed": 0.50,
  "maxFallSpeed": 7.1,
  "fastfallSpeed": 8.1,
  "initialFallSpeed": 0.5,
  "aerodynamics": 0.999,
  "airResistance": 0.09,
  "riseFriction": 0.99,
  "fallFriction": 0.99,
  "weight": 1.1,
  "launchResistance": 7.5,
  "flinchThreshold": 3,
  "softland": 1,
  "airAcceleration": 0.25,
  "airSpeed": 4.8,
  "sdi": 5,
  "asdi": 2,
  "stunBreak": 0.5,
  "height": 50,
  "width": 10,
  "grabDirections": 4,
  "reverseGrabRange": 43,
  "forwardGrabRange": 49,
  "grabStart": 25,
  "grabHeight": 35,
  "friction": 0.875,
  "kbFriction": 1,
  "kbStandFriction": 0.93,
  "kbDecayFriction": 0.005,
  "kbDecayScale": 0.15,
  "slideDecay": 1.0,
  "shieldMultiplier": 0.6,
  "shieldMinSize": 7,
  "shieldGrowth": 17,
  "lightShieldGrowth": 12,
  "shieldMobility": 14,
  "powershieldSize": 25,
  "shieldRegen": 1,
  "shieldDecay": 1,
  "shieldX": 2,
  "shieldY": 60,
  "shieldX2": -2,
  "shieldY2": 25,
  "landingAudio": "landing",
  "heavyLandingAudio": "heavy_landing",
  "lagCancelAudio": "landing",
  "skeletonScale": 1,
  "bubbleScale": 1
}