{
  "name": "Divided",
  "order": 10,
  "anchors": [
    {
      "x": 0,
      "y": 75,
      "weight": 0.375
    },
    {
      "x": -37.5,
      "y": -3.75,
      "weight": 0.375
    },
    {
      "x": 37.5,
      "y": -3.75,
      "weight": 0.375
    },
    {
      "x": 0,
      "y": -225,
      "weight": 0.6
    }
  ],
  "entrances": [
    {
      "x": -175,
      "y": 0,
      "face": true
    },
    {
      "x": 175,
      "y": 0,
      "face": false
    }
  ],
  "spawns": [
    {
      "x": 0,
      "y": -300,
      "face": true
    }
  ],
  "symmetric": true,
  "pivot": 0,
  "elements": [
    [-225, 1, -100, 1, {"flags": "leftGrabbable top solid blastZone"}],
    [-100, 1, -30, -20, {"flags": "top solid blastZone"}],
    [-30, -20, {"flags": "top solid blastZone"}],
    [-275, -95, -150, -95, {"flags": "top"}],
    [-175, -190, -75, -190, {"flags": "top"}],
    [-225, 1, -225, 20, {"flags": "left solid"}],
    [-225, 20, -175, 100, {"flags": "left solid"}],
    [-175, 100, 175, 100, {"flags": "bottom solid"}]
  ]
}