{
  "name": "Pillars",
  "order": 11,
  "anchors": [
    {
      "x": 0,
      "y": 75,
      "weight": 0.375
    },
    {
      "x": -37.5,
      "y": -3.75,
      "weight": 0.375
    },
    {
      "x": 37.5,
      "y": -3.75,
      "weight": 0.375
    },
    {
      "x": 0,
      "y": -225,
      "weight": 0.6
    }
  ],
  "entrances": [
    {
      "x": -325,
      "y": 0,
      "face": true
    },
    {
      "x": 325,
      "y": 0,
      "face": false
    }
  ],
  "spawns": [
    {
      "x": 0,
      "y": -250,
      "face": true
    }
  ],
  "symmetric": true,
  "pivot": 0,
  "elements": [
    [-145, -90, 145, -90, {"flags": "top"}],
    [-330, 1, -160, 1, {"flags": "top solid leftGrabbable blastZone"}],
    [-160, 1, -100, 20, {"flags": "top solid rightGrabbable"}],

    [-330, 1, -330, 20, {"flags": "left solid"}],
    [-330, 20, -225, 200, {"flags": "left solid"}],
    [-225, 200, -225, 500, {"flags": "left solid"}],
    [-225, 500, -175, 600, {"flags": "left solid"}],
    [-100, 20, -100, 500, {"flags": "right solid"}],
    [-100, 500, -175, 600, {"flags": "right solid"}]
  ]
}