{
  "name": "Scales",
  "order": 2,
  "kind": "neutral",
  "anchors": [
    {
      "x": 0,
      "y": 75,
      "weight": 0.375
    },
    {
      "x": -37.5,
      "y": -3.75,
      "weight": 0.375
    },
    {
      "x": 37.5,
      "y": -3.75,
      "weight": 0.375
    },
    {
      "x": 0,
      "y": -225,
      "weight": 0.6
    }
  ],
  "entrances": [
    {
      "x": -200,
      "y": 0,
      "face": true
    },
    {
      "x": 200,
      "y": 0,
      "face": false
    }
  ],
  "spawns": [
    {
      "x": 0,
      "y": -300,
      "face": true
    }
  ],
  "symmetric": true,
  "pivot": 0,
  "blastLeft": -862.5,
  "blastTop": -675,
  "blastBottom": 416.25,
  "blastRight": 862.5,
  "elements": [
    [-320, 0, {"flags": "leftGrabbable rightGrabbable top solid blastZone"}],
    [-220, -93.75, -105, -93.75, {"flags": "top"}],
    [-320, 0, -320, 10, {"flags": "left solid"}],
    [-320, 10, -225, 100, {"flags": "left solid"}],
    [-225, 100, -175, 100, {"flags": "bottom solid"}],
    [-175, 100, 0, 200, {"flags": "bottom solid"}]
  ],
  "prefab": {
    "models": [
      {
        "name": "Gravy",
        "size": [320, 320, 320],
        "position": [0, 0, 0],
        "material": {
          "file": "scales_stage.mtl",
          "name": "Material"
        }
      },
      {
        "name": "Cube",
        "size": [57.5, 3, 10],
        "position": [-162.5, 91.75, 0],
        "material": {
          "file": "scales_plat.mtl",
          "name": "Material"
        }
      },
      {
        "name": "Cube",
        "size": [57.5, 3, 10],
        "position": [162.5, 91.75, 0],
        "material": {
          "file": "scales_plat.mtl",
          "name": "Material"
        }
      },

      {
        "name": "BowlTerrain",
        "size": [2000, 1600, 3000],
        "position": [0, 300, 0],
        "rotation": { "pitch": 0.15, "yaw": -0.25, "roll": 0 },
        "material": {
          "file": "scales_terrain.mtl",
          "name": "Material"
        }
      },
      {
        "name": "Pillar",
        "size": [256.5, 800, 290],
        "position": [-570, -150, 770],
        "material": {
          "file": "pillar_bg.mtl",
          "name": "Material"
        },
        "rotation": { "yaw": 0.77 }
      },
      {
        "name": "Pillar",
        "size": [256.5, 700, 256.5],
        "position": [-550, -420, 220],
        "material": {
          "file": "pillar_bg.mtl",
          "name": "Material"
        }
      },
      {
        "name": "Pillar",
        "size": [256.5, 600, 290],
        "position": [-150, -300, 620],
        "material": {
          "file": "pillar_bg.mtl",
          "name": "Material"
        },
        "rotation": { "yaw": 0.33 }
      },
      {
        "name": "Pillar",
        "size": [256.5, 700, 256.5],
        "position": [550, -300, 520],
        "material": {
          "file": "pillar_bg.mtl",
          "name": "Material"
        },
        "rotation": { "yaw": 0.50 }
      },
      {
        "name": "Pillar",
        "size": [256.5, 900, 256.5],
        "position": [800, -150, 120],
        "material": {
          "file": "pillar_bg.mtl",
          "name": "Material"
        },
        "rotation": { "yaw": 0.15 }
      }
    ]
  }
}