{
  "name": "Transistor",
  "order": 3,
  "kind": "neutral",
  "blastLeft": -175.70,
  "blastTop": 168.00,
  "blastBottom": -91.00,
  "blastRight": 173.60,
  "anchors": [
    {
      "x": 0,
      "y": -20,
      "weight": 0.1
    },
    {
      "x": -10,
      "y": 1,
      "weight": 0.1
    },
    {
      "x": 10,
      "y": 1,
      "weight": 0.1
    },
    {
      "x": 0,
      "y": 60,
      "weight": 0.3
    }
  ],
  "entrances": [
    {
      "x": -42.00,
      "y": 26.60,
      "face": true
    },
    {
      "x": 42.00,
      "y": 28.00,
      "face": false
    },
    {
      "x": 0.00,
      "y": 46.90,
      "face": true
    },
    {
      "x": 0.00,
      "y": 4.90,
      "face": false
    }
  ],
  "scaleX": 3.75,
  "scaleY": -3.75,
  "spawns": [
    {
      "x": 0,
      "y": 52.50,
      "face": true
    }
  ],
  "symmetric": true,
  "pivot": 0,
  "elements": [
    [-52.6750, -100, { "flags": "bottom" }],
    [-52.6750, -100, -52.6750, -12.2500, { "flags": "left" }],
    [-52.6750, -12.2500, -56.0000, -6.6500, { "flags": "left" }],
    // for sloped version, in case collision can be fixed later...
    // [-56.0000, -6.6500, -56.0000, -3.5000, { "flags": "left" }],
    // [-56.0000, -3.5000, -39.2000, 0.0000, { "flags": "top leftGrabbable solid" }],
    [-56.0000, -6.6500, -56.0000, 0.0000, { "flags": "left" }],
    [-56.0000, 0.0000, { "flags": "top leftGrabbable rightGrabbable solid" }],

    [-15.75, 42.00, { "flags": "top" }],
    [-59.50, 23.45, -28.00, 23.45, { "flags": "top" }]
  ],
  "initHandler": "transistor",
  "prefab": {
    "models": [
      {
        "name": "ICube",
        "size": [1000, 1000, 1000],
        "rotation": { "pitch": 0, "yaw": 0.5, "roll": -0.15 },
        "material": {
          "file": "transistor_cube1.mtl",
          "name": "Material"
        }
      },
      {
        "name": "ICube",
        "size": [1000, 1000, 1000],
        "rotation": { "pitch": 0, "yaw": -0.25, "roll": 0.15 },
        "material": {
          "file": "transistor_cube2.mtl",
          "name": "Material"
        }
      },
      {
        "name": "Story",
        "size": [56.0000, 56.0000, 56.0000],
        "scale": [9.5728125, 9.5728125, 9.5728125],
        "position": [0, 0, 0],
        "material": {
          "file": "transistor_stage.mtl",
          "name": "Material"
        }
      },
      {
        "name": "Cube",
        "size": [57.5, 3, 10],
        "position": [-165.625, 85.9375, 0],
        "material": {
          "file": "transistor_plat.mtl",
          "name": "Material"
        }
      },
      {
        "name": "Cube",
        "size": [57.5, 3, 10],
        "position": [162.5, 85.9375, 0],
        "material": {
          "file": "transistor_plat.mtl",
          "name": "Material"
        }
      },
      {
        "name": "Cube",
        "size": [57.5, 3, 10],
        "position": [0, 155.5, 0],
        "material": {
          "file": "transistor_plat.mtl",
          "name": "Material"
        }
      }
    ]
  }
}