{
  "name": "Xenon",
  "symbol": "Xe",
  "hurtbubbles": [
    {
      "name": "head",
      "i1": 3,
      "i2": 3,
      "z": 0,
      "flip": true,
      "rotateModel": false,
      "prefab": {
        "models": [
          {
            "name": "XenonHead",
            "alias": "side1",
            "rotation": {
              "pitch": 180
            }
          }
        ]
      }
    },
    {
      "name": "rbody",
      "i1": 1,
      "i2": 5,
      "z": 1,
      "flip": true,
      "prefab": {
        "models": [
          {
            "name": "XenonFootGem",
            "alias": "side1"
          },
          {
            "name": "XenonLegMid",
            "alias": "center"
          },
          {
            "name": "XenonLegGem2",
            "alias": "side2"
          }
        ]
      }
    },
    {
      "name": "lbody",
      "i1": 5,
      "i2": 2,
      "z": -1,
      "flip": true,
      "prefab": {
        "models": [
          {
            "name": "XenonFootGem",
            "alias": "side1"
          },
          {
            "name": "XenonLegMid",
            "alias": "center"
          },
          {
            "name": "XenonLegGem2",
            "alias": "side2"
          }
        ]
      }
    },
    {
      "name": "rleg",
      "i1": 0,
      "i2": 1,
      "z": 5,
      "ik": 0,
      "flip": true,
      "ungrabbable": true,
      "prefab": {
        "models": [
          // {
          //   "name": "XenonFootGem",
          //   "alias": "side1"
          // },
          {
            "name": "XenonFootMid",
            "alias": "center"
          },
          {
            "name": "XenonFootGem2",
            "alias": "side2"
          }
        ]
      }
    },
    {
      "name": "lleg",
      "i1": 4,
      "i2": 2,
      "z": -5,
      "ik": 0,
      "flip": true,
      "ungrabbable": true,
      "prefab": {
        "models": [
          // {
          //   "name": "XenonFootGem",
          //   "alias": "side1"
          // },
          {
            "name": "XenonFootMid",
            "alias": "center"
          },
          {
            "name": "XenonFootGem2",
            "alias": "side2"
          }
        ]
      }
    }
  ],
  "styles": [
    {
      "rules": [
        "",
        "s *= 0.5; h += 0.222; l -= 0.05",
        "h += 0.333",
        "l += 0.2; s += 0.05; h += 0.111",
        "s *= 0.5; l *= 0.5"
      ],
      "bubbles": {
        "head": [0, 4, 3],
        "rbody": 1,
        "lbody": 1,
        "rleg": 2,
        "lleg": 2
      }
    },
    {
      "rules": [
        "",
        "l -= 0.15; h += 0.15",
        "l -= 0.15; h -= 0.15",
        "l += 0.1; s *= 0.5; h -= 0.15"
      ],
      "bubbles": {
        "head": [0, 3, 1],
        "rbody": 1,
        "lbody": 2,
        "rleg": 2,
        "lleg": 2
      }
    }
  ],
  "data": {
    "chargeSuper": 0
  },
  "headbubble": 0,
  "corebubble": 1,
  "walkSpeed": 3.4,
  "walkAcceleration": 1,
  "arcSpeed": 0.55,
  "fallSpeed": 0.55,
  "maxFallSpeed": 6.3,
  "fastfallSpeed": 10.6,
  "initialFallSpeed": 0.2,
  "aerodynamics": 0.9833,
  "airResistance": 0.05,
  "riseFriction": 0.99,
  "fallFriction": 0.99,
  "weight": 1.07,
  "launchResistance": 7.5,
  "flinchThreshold": 3,
  "softland": 1,
  "airAcceleration": 0.3,
  "airSpeed": 5.2,
  "sdi": 5,
  "asdi": 2,
  "stunBreak": 0.5,
  "height": 42,
  "width": 12,
  "grabDirections": 4,
  "reverseGrabRange": 35,
  "forwardGrabRange": 45,
  "grabStart": 10,
  "grabHeight": 35,
  "friction": 0.85,
  "kbFriction": 0.98,
  "kbStandFriction": 0.95,
  "kbDecayFriction": 0.004,
  "kbDecayScale": 0.11,
  "slideDecay": 1.0,
  "shieldMultiplier": 0.6,
  "shieldMinSize": 8,
  "shieldGrowth": 15,
  "lightShieldGrowth": 15,
  "shieldMobility": 12,
  "powershieldSize": 25,
  "shieldRegen": 1,
  "shieldDecay": 1,
  "shieldX": 5,
  "shieldY": 40,
  "shieldX2": 5,
  "shieldY2": 20,
  "landingAudio": "landing",
  "heavyLandingAudio": "heavy_landing",
  "lagCancelAudio": "landing",
  "skeletonScale": 1.25,
  "bubbleScale": 1
}