{
  "name": "Plane",
  "order": 9,
  "kind": "misc",
  "anchors": [
    {
      "x": 0,
      "y": 75,
      "weight": 0.375
    },
    {
      "x": -37.5,
      "y": -3.75,
      "weight": 0.375
    },
    {
      "x": 37.5,
      "y": -3.75,
      "weight": 0.375
    },
    {
      "x": 0,
      "y": -225,
      "weight": 0.6
    }
  ],
  "entrances": [
    {
      "x": -175,
      "y": -101,
      "face": true
    },
    {
      "x": 175,
      "y": -101,
      "face": false
    }
  ],
  "spawns": [
    {
      "x": 0,
      "y": -300,
      "face": true
    }
  ],
  "symmetric": true,
  "pivot": 0,
  "blastLeft": -850,
  "blastTop": 730,
  "blastBottom": -360,
  "blastRight": 850,
  "elements": [
    [-67.5, -150, {"flags": "top"}],
    [-295, -90, -160, -90, {"flags": "top"}],
    [-220, 0, {"flags": "leftGrabbable rightGrabbable top solid blastZone"}],
    [-220, 0, -200, 120, {"flags": "left solid"}],
    [-200, 120, -170, 200, {"flags": "left solid"}],
    [-170, 200, {"flags": "bottom"}]
  ],
  "prefab": {
    "models": [
      {
        "name": "ICube",
        "size": [1300, 1300, 1300],
        "position": [0, 200, 0],
        "rotation": { "pitch": 0, "yaw": 0, "roll": 0 },
        "material": {
          "file": "plane_shell.mtl",
          "name": "Material"
        }
      },
      {
        "name": "Plane",
        "size": [220, 220, 220],
        "position": [0, 0, 0],
        "rotation": { "pitch": 0, "yaw": -0.5, "roll": 0 },
        "material": {
          "file": "plane_stage.mtl",
          "name": "Material"
        }
      },
      {
        "name": "Cube",
        "size": [67.5, 3, 20],
        "position": [0, 148, 0],
        "material": {
          "file": "plane_plat.mtl",
          "name": "Material"
        }
      },
      {
        "name": "Cube",
        "size": [67.5, 3, 20],
        "position": [-227.5, 88, 0],
        "material": {
          "file": "plane_plat.mtl",
          "name": "Material"
        }
      },
      {
        "name": "Cube",
        "size": [67.5, 3, 20],
        "position": [227.5, 88, 0],
        "material": {
          "file": "plane_plat.mtl",
          "name": "Material"
        }
      }
    ]
  }
}