{
  "name": "Crossing",
  "order": 6,
  "kind": "neutral",
  "blastLeft": -286.00,
  "blastTop": 188.00,
  "blastBottom": -140.00,
  "blastRight": 286.00,
  "anchors": [
    {
      "x": 0,
      "y": 75,
      "weight": 0.375
    },
    {
      "x": -37.5,
      "y": -3.75,
      "weight": 0.375
    },
    {
      "x": 37.5,
      "y": -3.75,
      "weight": 0.375
    },
    {
      "x": 0,
      "y": -225,
      "weight": 0.6
    }
  ],
  "entrances": [
    {
      "x": -250,
      "y": 0,
      "face": true
    },
    {
      "x": 250,
      "y": 0,
      "face": false
    }
  ],
  "spawns": [
    {
      "x": 0,
      "y": -300,
      "face": true
    }
  ],
  "symmetric": true,
  "pivot": 0,
  "elements": [
    [-480, -108, -300, -108, {"flags": "top asymmetric", "model": 6}],
    [-280, 1, {"flags": "leftGrabbable rightGrabbable top solid blastZone"}],
    [-280, 1, -280, 40, {"flags": "left solid"}],
    [-280, 40, -200, 125, {"flags": "left solid"}],
    [-200, 125, -150, 130, {"flags": "left solid"}],
    [-150, 130, {"flags": "bottom solid"}]
  ],
  "animations": [
    {
      "autostart": true,
      "repeat": true,
      "reverse": true,
      "duration": 480,
      "events": [
        {
          "type": "linear",
          "time": 90,
          "duration": 300,
          "targetName": "0",
          "x": 300,
          "y": -108
        }
      ]
    }
  ],
  "prefab": {
    "models": [
      {
        "name": "I_Icosphere",
        "size": [1000, 2000, 1000],
        "position": [0, 200, 0],
        "rotation": { "pitch": 0, "yaw": 0, "roll": 0 },
        "material": {
          "file": "crossing_shell.mtl",
          "name": "Material"
        }
      },
      {
        "name": "Quad",
        "size": [1000, 1000, 1000],
        "position": [0, -500, 0],
        "rotation": { "pitch": 0, "yaw": 1, "roll": 0.5 },
        "material": {
          "file": "crossing_ground.mtl",
          "name": "Material"
        }
      },
      {
        "name": "Cube",
        "size": [50, 50, 50],
        "position": [700, -450, 200],
        "material": {
          "file": "crossing_block.mtl",
          "name": "Material"
        }
      },
      {
        "name": "Cube",
        "size": [75, 75, 75],
        "position": [-500, -437.5, 500],
        "material": {
          "file": "crossing_block.mtl",
          "name": "Material"
        }
      },
      {
        "name": "Cube",
        "size": [50, 50, 50],
        "position": [-100, -450, 200],
        "material": {
          "file": "crossing_block.mtl",
          "name": "Material"
        }
      },
      {
        "name": "Trash",
        "size": [280, 280, 280],
        "position": [0, 0, 0],
        "material": {
          "file": "crossing_stage.mtl",
          "name": "Material"
        }
      },
      {
        "name": "Cube",
        "size": [90, 3, 10],
        "position": [-390, 106, 0],
        "material": {
          "file": "crossing_plat.mtl",
          "name": "Material"
        }
      }
    ]
  }
}